Position,Name,Year,URL,Description
1,Babylon,2022,https://boxd.it/mM02,
2,Brawl in Cell Block 99,2017,https://boxd.it/dWOo,
3,Cha Cha Real Smooth,2022,https://boxd.it/uF8E,
4,The Method,2005,https://boxd.it/1CuE,
5,The Good Nurse,2022,https://boxd.it/jIXI,
6,White Men Can't Jump,1992,https://boxd.it/1WWy,
7,Puss in Boots: The Last Wish,2022,https://boxd.it/aaie,
8,The Substitute,2022,https://boxd.it/xsT4,
9,Operation Mincemeat,2021,https://boxd.it/oAY4,
10,Puss in Boots,2011,https://boxd.it/eL34,
11,Aftersun,2022,https://boxd.it/Arw0,
12,Let's Go to Prison,2006,https://boxd.it/1XL2,
13,Along Came a Spider,2001,https://boxd.it/27yW,
14,The Bone Collector,1999,https://boxd.it/1Yzw,
15,The Menu,2022,https://boxd.it/lScm,
16,X,2022,https://boxd.it/sxVa,
17,Ready or Not,2019,https://boxd.it/kOf0,
18,The Marriage App,2022,https://boxd.it/zLxK,
19,Instant Family,2018,https://boxd.it/hHpQ,
20,Enola Holmes 2,2022,https://boxd.it/vfDe,
21,Closer,2004,https://boxd.it/270K,
22,Alive,1993,https://boxd.it/210u,
23,The Pale Blue Eye,2022,https://boxd.it/u8tk,
24,The Silence of the Sky,2016,https://boxd.it/ezJC,
25,RRR,2022,https://boxd.it/ljDs,
26,Tales of an Immoral Couple,2016,https://boxd.it/duNW,
27,West Side Story,2021,https://boxd.it/iwt0,
28,Death on the Nile,2022,https://boxd.it/ifpg,
29,Death Proof,2007,https://boxd.it/27GG,
30,Trial by Fire,2018,https://boxd.it/hjMw,
31,Talk to Her,2002,https://boxd.it/2beG,
32,Planet Terror,2007,https://boxd.it/27Gw,
33,Triangle of Sadness,2022,https://boxd.it/hXlq,
34,A Beautiful Day in the Neighborhood,2019,https://boxd.it/i7vA,
35,"BARDO, False Chronicle of a Handful of Truths",2022,https://boxd.it/pAgy,
36,Guillermo del Toro's Pinocchio,2022,https://boxd.it/kjMW,
37,Marcel the Shell with Shoes On,2021,https://boxd.it/wMAk,
38,Van Helsing,2004,https://boxd.it/21aa,
39,You People,2023,https://boxd.it/wJYe,
40,Porco Rosso,1992,https://boxd.it/1Tp2,
41,42,2013,https://boxd.it/3GBo,
42,Spiderhead,2022,https://boxd.it/mLsO,
43,Emma.,2020,https://boxd.it/kmg0,
44,Legion of Super-Heroes,2023,https://boxd.it/BW1O,
45,Robin Hood,2010,https://boxd.it/1D6o,
46,The Sea Beast,2022,https://boxd.it/kv3a,
47,Green Lantern: Beware My Power,2022,https://boxd.it/xvNy,
48,The Gift,2000,https://boxd.it/27ys,
49,The Hunt,2012,https://boxd.it/3wEC,
50,The Widows of Thursdays,2009,https://boxd.it/16sm,
51,Ant-Man and the Wasp: Quantumania,2023,https://boxd.it/nL2y,
52,The Sum of All Fears,2002,https://boxd.it/242I,
53,13 Going on 30,2004,https://boxd.it/1X6e,
54,Shithouse,2020,https://boxd.it/nCFc,
55,Knock at the Cabin,2023,https://boxd.it/npL2,
56,Bombshell,2019,https://boxd.it/j5YC,
57,We Have a Ghost,2023,https://boxd.it/wa4K,
58,Pitch Perfect 2,2015,https://boxd.it/7tNa,
59,Kicking and Screaming,1995,https://boxd.it/1pHK,
60,Gridiron Gang,2006,https://boxd.it/1XRu,
61,Mr. Brooks,2007,https://boxd.it/25nW,
62,The Whale,2022,https://boxd.it/tw4c,
63,The Boy in the Striped Pyjamas,2008,https://boxd.it/1NOK,
64,The Salvation,2014,https://boxd.it/7X0M,
